recipe_name,genre
"Lemon Blueberry Scones",breakfast
"Southwest Tortilla Baked Eggs",breakfast
"Cinnamon Pecan Cauli Oats",breakfast
"Homemade Butter Biscuits",breakfast
"Spinach Pie",breakfast
"Small Batch Deviled Eggs",breakfast
"Vegetable Tofu Scramble",breakfast
"Tortilla Baked Eggs",breakfast
"Sausage and Egg Breakfast Quesadillas",breakfast
"Pumpkin Pie Overnight Oats",breakfast
"Scrambled Eggs with Spinach and Feta",breakfast
"Chocolate Banana Muffins",breakfast
"Banana Bread Baked Oatmeal",breakfast
"Yogurt Banana Bread",breakfast
"Freezer Breakfast Burritos",breakfast
"Smoky Roasted Breakfast Potatoes",breakfast
"How to Cook Bacon in the Oven",breakfast
"Country Breakfast Bowls",breakfast
"Sweet Potato Biscuits",breakfast
"Maple Sage Breakfast Sausage",breakfast
"Super Crunchy Oil Free Granola",breakfast
"Lemon Berry Yogurt Breakfast Bowls",breakfast
"Pineapple Protein Smoothie",breakfast
"Lemon Blueberry Cornbread Skillet",breakfast
"Cinnamon Nut Swirl Mug Cake",breakfast
"Hummus Breakfast Tacos",breakfast
"Banana Flax Muffins",breakfast
"Vegetable Breakfast Scrambles",breakfast
"Almond Dutch Baby with Ricotta and Jam",breakfast
"Kale Swiss and Mushroom Strata",breakfast
"Cranberry Orange Cream Scones",breakfast
"Spinach Mushroom and Feta Crustless Quiche",breakfast
"Golden Milk Overnight Oats",breakfast
"Make Ahead Microwave Breakfast Scrambles",breakfast
"Ratatouille Frittata",breakfast
"Carrot Cake Baked Oatmeal",breakfast
"Almost Eggs Benedict",breakfast
"Bacon Broccoli Cheddar Crustless Quiche",breakfast
"Make Ahead Seeded Oats",breakfast
"Orange Cranberry Muffins",breakfast
"Ham and Cheese Biscuits",breakfast
"Green Chile Migas",breakfast
"Peanut Butter Brownie Baked Oatmeal",breakfast
"No Sugar Added Blueberry Almond Overnight Oats",breakfast
"Mango Coconut Chia Pudding",breakfast
"5 Minute Savory Microwave Breakfast Mug",breakfast
"5-Minute Microwave French Toast Mug",breakfast
"Chorizo Breakfast Hash",breakfast
"Creamed Spinach Baked Eggs",breakfast
"Sriracha Egg Salad",breakfast
"Lemon Poppy Seed Two-Bite Scones",breakfast
"Hummus Breakfast Bowls",breakfast
"Almond Apricot Biscotti",breakfast
"Sweet Potato Casserole Baked Oatmeal",breakfast
"5 Ingredient Freezer Biscuits",breakfast
"Cheddar Grits Breakfast Bowls",breakfast
"Brown Sugar Bacon Breakfast Sandwiches with Chipotle Mayo",breakfast
"Ultimate Southwest Scrambled Eggs",breakfast
"Veggie Packed Freezer Breakfast Sandwiches",breakfast
"Blueberry Buttermilk Coffee Cake",breakfast
"No Sugar Added Apple Pie Overnight Oats",breakfast
"Sesame Noodles with Wilted Greens",breakfast
"Smoky White Bean Shakshuka",breakfast
"How to Make Crispy Hash Browns",breakfast
"Instant Pot Congee (Rice Porridge)",breakfast
"Banana Nut Breakfast Farro",breakfast
"Banana Coconut Baked Oatmeal",breakfast
"Pineapple Sriracha Breakfast Bowls",breakfast
"Gingersnap Granola",breakfast
"Eggs Florentine Breakfast Pizza",breakfast
"Triple Berry Oatmeal Muffins",breakfast
"Roasted Red Pepper and Feta Frittata",breakfast
"Apple Cherry Baked Oatmeal",breakfast
"Homemade Crepes",breakfast
"Toasted Coconut Oat Bran",breakfast
"Sriracha Deviled Eggs",breakfast
"No Sugar Added Banana Nut Granola",breakfast
"Green Chile Breakfast Quesadillas",breakfast
"Zucchini and Corn Frittata",breakfast
"Pumpkin Spice Granola",breakfast
"Baked Eggs with Spinach and Tomatoes",breakfast
"Morning Glory Baked Oatmeal",breakfast
"Strawberry White Chocolate Scones",breakfast
"Heat and Eat Oatmeal",breakfast
"Cinnamon Date & Walnut Baked Oatmeal",breakfast
"Cranberry Apple Baked Oatmeal",breakfast
"Oatmeal Pumpkin Cookies",breakfast
"Soft Oat and Nut Bars",breakfast
"Ham & Potato Frittata",breakfast
"Hummus Breakfast Mug",breakfast
"Chai Spiced Scones",breakfast
"Blueberry Banana Baked Oatmeal",breakfast
"Lemon Herb Egg Salad",breakfast
"Kale & Chorizo Frittata",breakfast
"Baked Pumpkin Pie Oatmeal",breakfast
"Cinnamon Raisin Bread",breakfast
"Cinnamon Spice Biscotti",breakfast
"Autumn Fruit and Nut Oatmeal",breakfast
"Pumpkin Cream Cheese Spread",breakfast
"Pumpkin Bread Pudding",breakfast
"Cinnamon Raisin Bagels",breakfast
"Breakfast Pizza",breakfast
"Cranberry Almond Biscotti",breakfast
"Raspberry Oat Bars",breakfast
"Apple Cinnamon Bread Pudding",breakfast
"Asparagus Breakfast Wraps",breakfast
"Chili Garlic Breakfast Quesadilla",breakfast
"Spiced Coconut Steel-Cut Oats",breakfast
"Egg Florentine Quesadillas",breakfast
"Lemon Blueberry Scones",vegeterian
"Eggplant Mozzarella Sandwiches",vegeterian
"Summer Vegetable Pasta Salad",vegeterian
"Broccoli Cheddar Pizza",vegeterian
"Southwest Tortilla Baked Eggs",vegeterian
"Cinnamon Pecan Cauli Oats",vegeterian
"Curry Roasted Vegetable Bowls",vegeterian
"Lemon Tahini Dressing",vegeterian
"Hot Corn Dip",vegeterian
"Broccoli Pasta Salad with Tomato Vinaigrette",vegeterian
"Tomato Basil Vinaigrette",vegeterian
"Lemon Garlic Roasted Asparagus",vegeterian
"Southwest Cauliflower Rice",vegeterian
"Peanut Tofu Noodle Bowls",vegeterian
"Homemade Butter Biscuits",vegeterian
"Kale and White Bean Power Bowls",vegeterian
"Cheddar Drop Biscuits",vegeterian
"Simple Sautéed Vegetables",vegeterian
"Small Batch Deviled Eggs",vegeterian
"Sesame Roasted Green Beans",vegeterian
"Vegetable Tofu Scramble",vegeterian
"Cumin Lime Coleslaw",vegeterian
"Spicy Peanut Butter Ramen",vegeterian
"Broccoli Cheddar Casserole",vegeterian
"Spinach Rice with Feta",vegeterian
"Lemon Pepper Zucchini",vegeterian
"Hearty Black Bean Quesadillas",vegeterian
"Perfect Oven Roasted Broccoli",vegeterian
"Quickie Black Eyed Peas and Greens",vegeterian
"Balsamic Roasted Mushrooms",vegeterian
"Tomato Lentil Soup",vegeterian
"Wild Rice Stuffed Acorn Squash",vegeterian
"Honey Balsamic Glazed Carrots",vegeterian
"Quick Tofu Stir Fry",vegeterian
"Sweet Potato Cornbread",vegeterian
"Autumn Kale and Sweet Potato Salad",vegeterian
"Potatoes Au Gratin",vegeterian
"Tomato Herb Soup",vegeterian
"Pumpkin Pie Overnight Oats",vegeterian
"Mediterranean White Bean Salad",vegeterian
"The Hummus Lunch Box",vegeterian
"Gochujang Ramen with Tofu",vegeterian
"Crunchy Cabbage Salad",vegeterian
"Sesame Ginger Dressing",vegeterian
"Summer Sweet Corn Salad",vegeterian
"Sesame Cucumber Salad",vegeterian
"Pico de Gallo",vegeterian
"Homemade Pizza Dough",vegeterian
"Oven Baked Steak Fries",vegeterian
"Yogurt Banana Bread",vegeterian
"Chimichurri Chickpea Salad",vegeterian
"White Beans with Mushrooms and Marinara",vegeterian
"Roasted Carrot and Feta Salad",vegeterian
"Simple Sesame Rice",vegeterian
"Garlic Herb Whipped Cottage Cheese Dip",vegeterian
"Roasted Broccoli Pasta with Lemon and Feta",vegeterian
"Smoky Roasted Breakfast Potatoes",vegeterian
"Indian Style Creamed Spinach",vegeterian
"Simple Creamy Coleslaw",vegeterian
"Spicy Sweet Potato Fries",vegeterian
"Swamp Soup",vegeterian
"Lentils with Creamy Mushroom Gravy",vegeterian
"Olive Oil Mashed Potatoes",vegeterian
"Chili Cornbread Skillet",vegeterian
"Vegetable Barley Soup",vegeterian
"Curried Cabbage",vegeterian
"Country Breakfast Bowls",vegeterian
"Mushroom and Spinach Pasta with Ricotta",vegeterian
"Maple Roasted Sweet Potatoes with Pecans",vegeterian
"Chipotle Butternut Squash and Quinoa Salad",vegeterian
"Apple Walnut Stuffing",vegeterian
"Balsamic Roasted Vegetables",vegeterian
"Cranberry Cream Cheese Dip",vegeterian
"Secret Ingredient Tomato Soup",vegeterian
"Sweet Potato Biscuits",vegeterian
"Autumn Kale and Apple Salad",vegeterian
"Vegan Creamy Mushroom Ramen",vegeterian
"Easy Rosemary Garlic White Bean Soup",vegeterian
"Blueberry Lemon Curd Shortcakes",vegeterian
"Roasted Vegetable Salad Meal Prep",vegeterian
"Crispy Potatoes with Lemon Dill Tahini Dressing",vegeterian
"Honey Mustard Broccoli Salad",vegeterian
"Super Crunchy Oil Free Granola",vegeterian
"Lemon Dill Tahini Dressing",vegeterian
"No Churn Balsamic Peach Ice Cream",vegeterian
"Lemony Artichoke and Quinoa Salad",vegeterian
"Soy Glazed Eggplant",vegeterian
"Creamy Coconut Curry Lentils with Spinach",vegeterian
"Charred Corn and Zucchini Salad",vegeterian
"Cucumber Mango Salad",vegeterian
"Baked Sweet Potato Fries with Peanut Lime Dressing",vegeterian
"Cold Peanut Noodle Salad",vegeterian
"Peanut Lime Dressing",vegeterian
"Lemon Berry Yogurt Breakfast Bowls",vegeterian
"Luscious Homemade Lemon Curd",vegeterian
"Cucumber and Black Bean Salad",vegeterian
"Pineapple Protein Smoothie",vegeterian
"Homemade Ranch Dressing",vegeterian
"Honey Mustard Sauce",vegeterian
"Lemon Blueberry Cornbread Skillet",vegeterian
"Marinated Portobello Mushroom Burgers",vegeterian
"Tempeh Burrito Bowls",vegeterian
"Cinnamon Nut Swirl Mug Cake",vegeterian
"Gochujang Mushroom Bowls",vegeterian
"Scallion Herb Chickpea Salad",vegeterian
"Hummus Breakfast Tacos",vegeterian
"Roasted Brussels Sprout Bowls",vegeterian
"Creamy White Bean and Spinach Quesadillas",vegeterian
"Banana Flax Muffins",vegeterian
"Sesame Tempeh Bowls",vegeterian
"Sriracha Nooch Popcorn",vegeterian
"Vegan Peanut Stew",vegeterian
"Balsamic Roasted Mushrooms with Herby Kale Mashed Potatoes",vegeterian
"Sun Dried Tomato, Kale, and White Bean Skillet",vegeterian
"Roasted Cauliflower and Quinoa Salad",vegeterian
"Sriracha Chickpea Salad Wraps",vegeterian
"Sweet and Spicy Tempeh Bowls",vegeterian
"Spicy Coconut Vegetable Stir Fry",vegeterian
"Autumn Quinoa Salad with Lemon Turmeric Dressing",vegeterian
"Miracle Mac and Cheese",vegeterian
"Vegan Winter Lentil Stew",vegeterian
"Smoky Maple Roasted Acorn Squash",vegeterian
"Fluffy Garlic Herb Mashed Potatoes",vegeterian
"Rice Cooker Spanish Chickpeas and Rice",vegeterian
"Easy Sweet Chili Sauce",vegeterian
"Buffalo Tempeh Sandwiches",vegeterian
"Rice Cooker Mac and Cheese",vegeterian
"Cheesy Cauliflower and Potato Soup",vegeterian
"Italian Orzo Salad",vegeterian
"Roasted Vegetable Couscous",vegeterian
"Rosemary Roasted Potatoes",vegeterian
"Hoisin Tofu Lettuce Cups",vegeterian
"Slow Cooker Vegetarian Lentil Chili",vegeterian
"Homemade Freezer Garlic Bread",vegeterian
"Lime Crema",vegeterian
"Curried Tofu Salad",vegeterian
"Parsley Salad with Almonds and Apricots",vegeterian
"Make Ahead Bean and Cheese Burritos",vegeterian
"Golden Milk Overnight Oats",vegeterian
"Homemade Chili Seasoning",vegeterian
"BBQ Tofu Sliders",vegeterian
"Quick Seasoned Black Beans",vegeterian
"Rosemary Pepper Drop Biscuits",vegeterian
"Fresh Tomato Basil Pasta with Ricotta",vegeterian
"Thai Coconut Curry Carrot Soup",vegeterian
"Garlicky Kale and Ricotta Pizza",vegeterian
"Black Bean and Avocado Enchiladas",vegeterian
"Roasted Summer Vegetables",vegeterian
"Spinach Chickpea and Quinoa Salad",vegeterian
"Scallion Herb Cream Cheese Spread",vegeterian
"Vinaigrette Slaw with Feta",vegeterian
"Vegetarian 15 Bean Soup",vegeterian
"Coconut Curry Hummus",vegeterian
"Sweet Crunch Winter Salad",vegeterian
"Spicy Roasted Cauliflower with Cheese Sauce",vegeterian
"Tomato Basil No Knead Bread",vegeterian
"Moroccan Spiced Sweet Potatoes",vegeterian
"Maple Miso Roasted Carrots",vegeterian
"Kimchi Fried Rice",vegeterian
"Loaded Mashed Potato Bowls",vegeterian
"Vegetable Pot Pie Skillet with Cheddar Biscuit Topping",vegeterian
"Soy Marinated Tofu Bowls with Spicy Peanut Sauce",vegeterian
"Apple Dijon Kale Salad",vegeterian
"Smoky Potato Chickpea Stew",vegeterian
"Wild Rice and Vegetable Casserole",vegeterian
"Seeded No-Knead Bread",vegeterian
"Sesame Slaw",vegeterian
"Braised Red Cabbage",vegeterian
"Green Chile Migas",vegeterian
"Cinnamon Pita Crisps",vegeterian
"Pumpkin Cheesecake Mousse",vegeterian
"Pesto Stuffed Shells",vegeterian
"Peanut Butter Brownie Baked Oatmeal",vegeterian
"Lemon Garlic Asparagus Pasta",vegeterian
"Creamy Garlic Mushroom Soup",vegeterian
"Smoky Quinoa and Black Bean Salad",vegeterian
"No Sugar Added Blueberry Almond Overnight Oats",vegeterian
"Lemon Blueberry Cream Cheese Galette",vegeterian
"Grilled Vegetable Pasta Salad",vegeterian
"Roasted Potato Wedges with Shawarma Sauce",vegeterian
"Homemade Salted Caramel Iced Coffee",vegeterian
"Coconut Jerk Peas with Pineapple Salsa",vegeterian
"Easy Pineapple Salsa",vegeterian
"Coconut Crusted Tofu with Sweet Chili Dipping Sauce",vegeterian
"Jalapeño Cheddar Cornbread",vegeterian
"Spinach and Orzo Salad with Balsamic Vinaigrette",vegeterian
"Mango Coconut Chia Pudding",vegeterian
"Sweet Potato Grain Bowls with Green Tahini Sauce",vegeterian
"Roasted Broccoli Salad with Almonds and Simple Sesame Dressing",vegeterian
"Skillet Pasta with Sun Dried Tomatoes Walnuts and Feta",vegeterian
"5-Minute Microwave French Toast Mug",vegeterian
"Spicy Baked Black Bean Nachos",vegeterian
"Buttermilk Pull-Apart Rolls from Bread Toast Crumbs",vegeterian
"Spinach White Bean Enchiladas with Pepper Jack Sauce",vegeterian
"Simple Mushroom Broccoli Stir Fry Noodles",vegeterian
"Will It Skillet? Mac and Cheese",vegeterian
"Super Fresh Cucumber Salad",vegeterian
"Blackened Cabbage with Chipotle Mayo",vegeterian
"Sriracha Egg Salad",vegeterian
"Peanut Lime Cauliflower Salad",vegeterian
"Lemon Poppy Seed Two-Bite Scones",vegeterian
"Creamy Roasted Red Pepper Sauce",vegeterian
"Golden Coconut Lentil Soup",vegeterian
"Cumin Lime Roasted Sweet Potatoes",vegeterian
"Roasted Cauliflower Salad with Lemon Tahini Dressing",vegeterian
"Creamy Black Bean Taquitos",vegeterian
"Almond Apricot Biscotti",vegeterian
"Homemade Garlic Bread",vegeterian
"Singapore Noodles with Crispy Tofu",vegeterian
"Vegetarian French Dip Sandwiches",vegeterian
"Salt & Vinegar Roasted Potatoes with Smoky Garlic Mayo",vegeterian
"Easy Chocolate Cinnamon Buns",vegeterian
"Simple Homemade Cranberry Sauce",vegeterian
"Southwest Spaghetti Squash Bowls",vegeterian
"Maple Brown Butter Mashed Sweet Potatoes",vegeterian
"Roasted Apple Cranberry Relish",vegeterian
"Sweet Potato Casserole Baked Oatmeal",vegeterian
"Harissa Roasted Vegetables",vegeterian
"Cumin Rice",vegeterian
"Pressure Cooker Split Pea Soup",vegeterian
"Creamy Mushroom Herb Pasta",vegeterian
"Marinated Lentil Salad",vegeterian
"5 Ingredient Freezer Biscuits",vegeterian
"Tomato Herb Rice with White Beans and Spinach",vegeterian
"Cheddar Grits Breakfast Bowls",vegeterian
"Garden Vegetable Quinoa Soup",vegeterian
"Chili Garlic Tofu Bowls",vegeterian
"Sesame Kale",vegeterian
"No-Churn Mint Chocolate Chip Ice Cream",vegeterian
"Peanut Butter and Jelly Bars",vegeterian
"Homemade Pineapple Orange Julius",vegeterian
"Savory Cabbage Pancakes (Okonomiyaki)",vegeterian
"Creamy Lemon Dill Greek Pasta Salad",vegeterian
"(Not) Refried Beans",vegeterian
"Purple Power Bowls",vegeterian
"Zucchini and Orzo Salad with Chimichurri",vegeterian
"Ultimate Southwest Scrambled Eggs",vegeterian
"Chimichurri Sauce: Good on Anything and Everything",vegeterian
"Pasta with 5 Ingredient Butter Tomato Sauce",vegeterian
"Veggie Packed Freezer Breakfast Sandwiches",vegeterian
"Slow Cooker Coconut Curry Lentils",vegeterian
"Broccoli Salad with Honey Yogurt Dressing",vegeterian
"Blueberry Buttermilk Coffee Cake",vegeterian
"Kale Salad with Cajun Spiced Chickpeas and Buttermilk Dressing",vegeterian
"Strawberry Rosé Slush",vegeterian
"Freezer Ready Mini Pizzas",vegeterian
"Broccoli Cheddar Stuffed Baked Potatoes",vegeterian
"Chipotle Portobello Oven Fajitas",vegeterian
"No Sugar Added Apple Pie Overnight Oats",vegeterian
"Parsley Scallion Hummus Pasta",vegeterian
"Lemon Butter Green Beans",vegeterian
"Warm Corn and Avocado Salad",vegeterian
"Cheesy Scallion Stuffed Jalapeños",vegeterian
"Mango Coconut Tofu Bowls",vegeterian
"Lemon Berry Cobbler",vegeterian
"Ultimate Portobello Mushroom Pizza",vegeterian
"Smoky White Bean Shakshuka",vegeterian
"How to Make Crispy Hash Browns",vegeterian
"Roasted Red Pepper and Tomato Soup",vegeterian
"Pan Fried Sesame Tofu with Broccoli",vegeterian
"Chili Roasted Sweet Potatoes",vegeterian
"Banana Nut Breakfast Farro",vegeterian
"Mediterranean Farro Salad with Spiced Chickpeas",vegeterian
"How to Cook Farro",vegeterian
"5 Minute Nacho Cheese Sauce",vegeterian
"Curried Red Lentil and Pumpkin Soup",vegeterian
"Banana Coconut Baked Oatmeal",vegeterian
"Broiled Balsamic Vegetables with Lemon Parsley Rice",vegeterian
"Pineapple Sriracha Breakfast Bowls",vegeterian
"Oven Roasted Frozen Broccoli",vegeterian
"Spinach and Chickpea Rice Pilaf",vegeterian
"Eggs Florentine Breakfast Pizza",vegeterian
"Vegetable Enchilada Casserole",vegeterian
"Dilly Vegetable Dip",vegeterian
"Triple Berry Oatmeal Muffins",vegeterian
"Caramelized Banana and Peanut Butter Quesadilla",vegeterian
"Creamy Spinach Artichoke Pizza",vegeterian
"Vegetarian Mustard Greens",vegeterian
"Smoky Parmesan Roasted Cauliflower",vegeterian
"Spinach Mushroom French Bread Pizzas",vegeterian
"Apple Cabbage Slaw",vegeterian
"Plum Salad with Lemon Ginger Dressing",vegeterian
"One Pot Roasted Red Pepper Pasta",vegeterian
"Spanish Chickpeas and Rice",vegeterian
"Chili Lime Cantaloupe",vegeterian
"Apple Cherry Baked Oatmeal",vegeterian
"Easy Spinach Ricotta Pasta",vegeterian
"Homemade Crepes",vegeterian
"Minty Pea Salad",vegeterian
"Smoky Tomato Soup",vegeterian
"Spinach and Feta Mashed Potatoes",vegeterian
"Smoky Garlic Oven Fries",vegeterian
"Toasted Coconut Oat Bran",vegeterian
"Sriracha Deviled Eggs",vegeterian
"Skillet Potatoes and Green Beans",vegeterian
"Curry Roasted Carrots",vegeterian
Mujaddara,vegeterian
"No Sugar Added Banana Nut Granola",vegeterian
"No Knead English Muffin Bread",vegeterian
"Caramelized Onion and Artichoke Flatbread",vegeterian
"Nacho Taters",vegeterian
"Green Chile Breakfast Quesadillas",vegeterian
"Snickerdoodles (for two)",vegeterian
"Smoky Roasted Sweet Potatoes",vegeterian
"Lemony Kale and Quinoa Salad",vegeterian
"Curried Lentils",vegeterian
"Zucchini and Corn Frittata",vegeterian
"Sweet Potato Tortilla Soup",vegeterian
"Moroccan Lentil and Vegetable Stew",vegeterian
"Pumpkin Spice Granola",vegeterian
"SNAP Challenge: Vegetable Stir Fry with Noodles",vegeterian
"Creamy Vegetarian Enchilada Pasta",vegeterian
"Cajun Potato Salad",vegeterian
"No Knead Pan Pizza",vegeterian
"Slow Cooker Black Bean Soup",vegeterian
"Sautéed Corn and Tomatoes",vegeterian
"Cheddar Scallion Scones",vegeterian
"Baked Eggs with Spinach and Tomatoes",vegeterian
"Oven Roasted Ratatouille",vegeterian
"Falafel Salad",vegeterian
"Best Ever Avocado Dip",vegeterian
"Morning Glory Baked Oatmeal",vegeterian
"Coconut Vegetable Curry",vegeterian
"Vegan Red Beans and Rice",vegeterian
"The Quick Fix Salad Bar Pizza",vegeterian
"Strawberry White Chocolate Scones",vegeterian
"Heat and Eat Oatmeal",vegeterian
"Chili Roasted Potatoes",vegeterian
"Easy White Spinach Pizza",vegeterian
"Chunky Lentil and Vegetable Soup",vegeterian
"Cinnamon Date & Walnut Baked Oatmeal",vegeterian
"Curried Chickpeas with Spinach",vegeterian
"Date & Gorgonzola Stuffed Sweet Potatoes",vegeterian
"BBQ Bean Sliders",vegeterian
"Cranberry Apple Baked Oatmeal",vegeterian
"Cashew Rice Pilaf",vegeterian
"Baked Barley with Mushrooms",vegeterian
"Spinach Feta Grilled Cheese",vegeterian
"Soft Oat and Nut Bars",vegeterian
"BBQ Black Bean Pizzas",vegeterian
"Teriyaki Noodle Bowls",vegeterian
"Hummus Breakfast Mug",vegeterian
"Honey Sunflower Bread",vegeterian
"Lemony Cucumber Couscous Salad",vegeterian
"Wilted Kale and Lentil Salad",vegeterian
"Green Gazpacho",vegeterian
"Roasted Poblano Hummus",vegeterian
"Peanut Butter Banana Quesadillas",vegeterian
"Carrot & Orzo Salad",vegeterian
"Chipotle Sweet Potato Burgers",vegeterian
"Chai Spiced Scones",vegeterian
"Quinoa Black Bean Tacos",vegeterian
"Caramelized Onion & Mushroom White Pizza",vegeterian
"Vegan Red Lentil Stew",vegeterian
"Spicy Hot Cocoa",vegeterian
"Spinach Tortellini Soup",vegeterian
"Blueberry Banana Baked Oatmeal",vegeterian
"(not) Sun Dried Tomato Sauce",vegeterian
"Sweet Potato Corn Cakes with Garlic Dipping Sauce",vegeterian
"Mediterranean Quesadillas",vegeterian
"Quinoa Tabbouleh",vegeterian
"Lentil Tacos",vegeterian
"Lemon Herb Egg Salad",vegeterian
"No-Knead Focaccia Rolls",vegeterian
"Coconut Lentils",vegeterian
"Brown Butter Soda Bread",vegeterian
"Sriracha Hummus",vegeterian
"Broccoli Fettuccine Alfredo",vegeterian
"Cumin Lime Chickpeas",vegeterian
"Jalapeño Cran-Raspberry Sauce",vegeterian
"Slow Cooker Marinara",vegeterian
"Curry Roasted Cauliflower",vegeterian
"Pumpkin Smoothie",vegeterian
"Butternut Squash Pasta Salad",vegeterian
"Corn and Cheddar Pudding",vegeterian
"Baked Pumpkin Pie Oatmeal",vegeterian
"Spicy Pickled Carrots",vegeterian
"Summer Vegetable Tian",vegeterian
"Easy Ricotta Gnocchi",vegeterian
"Marinated White Beans",vegeterian
"Oven Roasted Corn with Honey Chili Butter",vegeterian
"Peanut Soba Stir Fry",vegeterian
"Lemon Ricotta Pasta",vegeterian
"Mango Pineapple Chutney",vegeterian
"Cinnamon Raisin Bread",vegeterian
"Zucchini Fritters",vegeterian
"Chipotle Mashed Sweet Potatoes",vegeterian
"Flour Tortillas v.2.0 (low fat)",vegeterian
"Cranberry Walnut Bread",vegeterian
"Black Bean and Roasted Salsa Soup",vegeterian
"Easy Homemade Falafel",vegeterian
"Homemade Pita Bread",vegeterian
"Cinnamon Spice Biscotti",vegeterian
"No-Knead Ciabatta",vegeterian
"Chai Concentrate",vegeterian
"Mushroom Herb Gravy",vegeterian
"Red Wine Cranberry Sauce",vegeterian
"Honey Wheat Sandwich Bread",vegeterian
"Autumn Fruit and Nut Oatmeal",vegeterian
"Honey Wheat Pizza Dough",vegeterian
"Pumpkin Cream Cheese Spread",vegeterian
"Pumpkin Bread Pudding",vegeterian
"Nutty Caramel Corn",vegeterian
"Singapore Noodles",vegeterian
"Rice Pudding",vegeterian
"Dal Nirvana",vegeterian
"Cinnamon Raisin Bagels",vegeterian
Polvorones,vegeterian
"Fire Roasted Salsa",vegeterian
"Coconut Rice Pilaf",vegeterian
"Chipotle Peach Salsa",vegeterian
"Peach Almond Crisp",vegeterian
"Vegetable NOT Fried Rice",vegeterian
"Cranberry Almond Biscotti",vegeterian
"Raspberry Oat Bars",vegeterian
"Creamed Spinach",vegeterian
"Dolmas (Stuffed Grape Leaves)",vegeterian
"Tzatziki (Greek Yogurt Sauce)",vegeterian
"Apple Cinnamon Bread Pudding",vegeterian
"Summer Gazpacho",vegeterian
"Pesto Cheese Toast",vegeterian
"Asparagus Breakfast Wraps",vegeterian
"Lemon Coconut Bars",vegeterian
"Guacamole Salad",vegeterian
"Chili Cheese Cornbread",vegeterian
"Southern Style Potato Salad",vegeterian
"Stuffed Poblano Peppers",vegeterian
"Chili Garlic Breakfast Quesadilla",vegeterian
"Spiced Coconut Steel-Cut Oats",vegeterian
"Baba Ganoush",vegeterian
"Spicy Peanut Sauce",vegeterian
"Sweet Potato Enchiladas",vegeterian
"Roasted Poblano and Sweet Potato Salad",vegeterian
"Lemon Ricotta Cookies",vegeterian
"Marinated Mushrooms",vegeterian
"Mexican Red Lentil Stew",vegeterian
"Egg Florentine Quesadillas",vegeterian
"Homemade Marinara",vegeterian
"Parmesan Roasted Potatoes",vegeterian
"Roasted Apple Cranberry Relish",vegan
"Pressure Cooker Split Pea Soup",vegan
"Tomato Herb Rice with White Beans and Spinach",vegan
"Garden Vegetable Quinoa Soup",vegan
"Chili Garlic Tofu Bowls",vegan
"Sesame Kale",vegan
"Purple Power Bowls",vegan
"Zucchini and Orzo Salad with Chimichurri",vegan
"Chimichurri Sauce: Good on Anything and Everything",vegan
"Slow Cooker Coconut Curry Lentils",vegan
"Strawberry Rosé Slush",vegan
"Chipotle Portobello Oven Fajitas",vegan
"Parsley Scallion Hummus Pasta",vegan
"Warm Corn and Avocado Salad",vegan
"How to Make Crispy Hash Browns",vegan
"Pan Fried Sesame Tofu with Broccoli",vegan
"Chili Roasted Sweet Potatoes",vegan
"Mediterranean Farro Salad with Spiced Chickpeas",vegan
"How to Cook Farro",vegan
"Curried Red Lentil and Pumpkin Soup",vegan
"Broiled Balsamic Vegetables with Lemon Parsley Rice",vegan
"Oven Roasted Frozen Broccoli",vegan
"Vegetarian Mustard Greens",vegan
"Spanish Chickpeas and Rice",vegan
"Minty Pea Salad",vegan
"Smoky Tomato Soup",vegan
"Smoky Garlic Oven Fries",vegan
"Toasted Coconut Oat Bran",vegan
"Skillet Potatoes and Green Beans",vegan
"Curry Roasted Carrots",vegan
Mujaddara,vegan
"No Sugar Added Banana Nut Granola",vegan
"No Knead English Muffin Bread",vegan
"Smoky Roasted Sweet Potatoes",vegan
"Curried Lentils",vegan
"Sweet Potato Tortilla Soup",vegan
"Moroccan Lentil and Vegetable Stew",vegan
"SNAP Challenge: Vegetable Stir Fry with Noodles",vegan
"Slow Cooker Black Bean Soup",vegan
"Falafel Salad",vegan
"Coconut Vegetable Curry",vegan
"Vegan Red Beans and Rice",vegan
"Heat and Eat Oatmeal",vegan
"Chili Roasted Potatoes",vegan
"Chunky Lentil and Vegetable Soup",vegan
"Curried Chickpeas with Spinach",vegan
"Teriyaki Noodle Bowls",vegan
"Wilted Kale and Lentil Salad",vegan
"Green Gazpacho",vegan
"Roasted Poblano Hummus",vegan
"Quinoa Black Bean Tacos",vegan
"Vegan Red Lentil Stew",vegan
"Quinoa Tabbouleh",vegan
"Coconut Lentils",vegan
"Sriracha Hummus",vegan
"Cumin Lime Chickpeas",vegan
"Jalapeño Cran-Raspberry Sauce",vegan
"Slow Cooker Marinara",vegan
"Curry Roasted Cauliflower",vegan
"Spicy Pickled Carrots",vegan
"Marinated White Beans",vegan
"Flour Tortillas v.2.0 (low fat)",vegan
"Easy Homemade Falafel",vegan
"Homemade Pita Bread",vegan
"No-Knead Ciabatta",vegan
"Red Wine Cranberry Sauce",vegan
"Autumn Fruit and Nut Oatmeal",vegan
"Singapore Noodles",vegan
"Fire Roasted Salsa",vegan
"Coconut Rice Pilaf",vegan
"Chipotle Peach Salsa",vegan
"Dolmas (Stuffed Grape Leaves)",vegan
"Summer Gazpacho",vegan
"Guacamole Salad",vegan
"Spiced Coconut Steel-Cut Oats",vegan
"Baba Ganoush",vegan
"Spicy Peanut Sauce",vegan
"Roasted Poblano and Sweet Potato Salad",vegan
"Marinated Mushrooms",vegan
"Mexican Red Lentil Stew",vegan
"Homemade Marinara",vegan
"Summer Vegetable Pasta Salad",vegan
"Curry Roasted Vegetable Bowls",vegan
"Lemon Tahini Dressing",vegan
"Tomato Basil Vinaigrette",vegan
"Lemon Garlic Roasted Asparagus",vegan
"Southwest Cauliflower Rice",vegan
"Peanut Tofu Noodle Bowls",vegan
"Sesame Roasted Green Beans",vegan
"Vegetable Tofu Scramble",vegan
"Lemon Pepper Zucchini",vegan
"Perfect Oven Roasted Broccoli",vegan
"Quickie Black Eyed Peas and Greens",vegan
"Balsamic Roasted Mushrooms",vegan
"Tomato Lentil Soup",vegan
"Quick Tofu Stir Fry",vegan
"Autumn Kale and Sweet Potato Salad",vegan
"Tomato Herb Soup",vegan
"The Hummus Lunch Box",vegan
"Gochujang Ramen with Tofu",vegan
"Summer Sweet Corn Salad",vegan
"Sesame Cucumber Salad",vegan
"Pico de Gallo",vegan
"Homemade Pizza Dough",vegan
"Oven Baked Steak Fries",vegan
"Indian Style Creamed Spinach",vegan
"Spicy Sweet Potato Fries",vegan
"Lentils with Creamy Mushroom Gravy",vegan
"Olive Oil Mashed Potatoes",vegan
"Vegetable Barley Soup",vegan
"Maple Roasted Sweet Potatoes with Pecans",vegan
"Chipotle Butternut Squash and Quinoa Salad",vegan
"Balsamic Roasted Vegetables",vegan
"Secret Ingredient Tomato Soup",vegan
"Vegan Creamy Mushroom Ramen",vegan
"Easy Rosemary Garlic White Bean Soup",vegan
"Roasted Vegetable Salad Meal Prep",vegan
"Crispy Potatoes with Lemon Dill Tahini Dressing",vegan
"Super Crunchy Oil Free Granola",vegan
"Lemon Dill Tahini Dressing",vegan
"Lemony Artichoke and Quinoa Salad",vegan
"Creamy Coconut Curry Lentils with Spinach",vegan
"Cucumber Mango Salad",vegan
"Baked Sweet Potato Fries with Peanut Lime Dressing",vegan
"Cold Peanut Noodle Salad",vegan
"Peanut Lime Dressing",vegan
"Sesame Tempeh Bowls",vegan
"Vegan Peanut Stew",vegan
"Sun Dried Tomato, Kale, and White Bean Skillet",vegan
"Roasted Cauliflower and Quinoa Salad",vegan
"Spicy Coconut Vegetable Stir Fry",vegan
"Autumn Quinoa Salad with Lemon Turmeric Dressing",vegan
"Vegan Winter Lentil Stew",vegan
"Smoky Maple Roasted Acorn Squash",vegan
"Rice Cooker Spanish Chickpeas and Rice",vegan
"Easy Sweet Chili Sauce",vegan
"Italian Orzo Salad",vegan
"Roasted Vegetable Couscous",vegan
"Rosemary Roasted Potatoes",vegan
"Slow Cooker Vegetarian Lentil Chili",vegan
"Parsley Salad with Almonds and Apricots",vegan
"Homemade Chili Seasoning",vegan
"Black Bean and Avocado Enchiladas",vegan
"Vegetarian 15 Bean Soup",vegan
"Coconut Curry Hummus",vegan
"Sweet Crunch Winter Salad",vegan
"Moroccan Spiced Sweet Potatoes",vegan
"Soy Marinated Tofu Bowls with Spicy Peanut Sauce",vegan
"Apple Dijon Kale Salad",vegan
"Smoky Potato Chickpea Stew",vegan
"Seeded No-Knead Bread",vegan
"Sesame Slaw",vegan
"Smoky Quinoa and Black Bean Salad",vegan
"Coconut Jerk Peas with Pineapple Salsa",vegan
"Easy Pineapple Salsa",vegan
"Mango Coconut Chia Pudding",vegan
"Sweet Potato Grain Bowls with Green Tahini Sauce",vegan
"Roasted Broccoli Salad with Almonds and Simple Sesame Dressing",vegan
"Simple Mushroom Broccoli Stir Fry Noodles",vegan
"Peanut Lime Cauliflower Salad",vegan
"Golden Coconut Lentil Soup",vegan
"Cumin Lime Roasted Sweet Potatoes",vegan
"Roasted Cauliflower Salad with Lemon Tahini Dressing",vegan
"Simple Homemade Cranberry Sauce",vegan
"Lemon Blueberry Scones",dessert
"No Bake Pretzel Peanut Butter Bars",dessert
"Chocolate Banana Muffins",dessert
"Honey Vanilla Cottage Cheese Fruit Dip",dessert
"Yogurt Banana Bread",dessert
"No Bake Strawberry Cheesecake for Two",dessert
"Cinnamon Pecan Sandies",dessert
"Maple Brown Butter Pumpkin Pie",dessert
"Blueberry Lemon Curd Shortcakes",dessert
"No Churn Balsamic Peach Ice Cream",dessert
"Luscious Homemade Lemon Curd",dessert
"Lemon Blueberry Cornbread Skillet",dessert
"Cinnamon Nut Swirl Mug Cake",dessert
"Cranberry Orange Cream Scones",dessert
"Mini Dark Chocolate Pecan Pies",dessert
"Peanut Butter Fluff Cups",dessert
"Slow Cooker Hot Buttered Apples",dessert
"Orange Cranberry Muffins",dessert
"Streuseled Sweet Potatoes",dessert
"Cinnamon Pita Crisps",dessert
"Pumpkin Cheesecake Mousse",dessert
"Lemon Blueberry Cream Cheese Galette",dessert
"Homemade Salted Caramel Iced Coffee",dessert
"Mango Coconut Chia Pudding",dessert
"5-Minute Microwave French Toast Mug",dessert
"Lemon Poppy Seed Two-Bite Scones",dessert
"Almond Apricot Biscotti",dessert
"Easy Chocolate Cinnamon Buns",dessert
"Simple Homemade Cranberry Sauce",dessert
"No-Churn Mint Chocolate Chip Ice Cream",dessert
"Peanut Butter and Jelly Bars",dessert
"Homemade Pineapple Orange Julius",dessert
"Blueberry Buttermilk Coffee Cake",dessert
"Lemon Berry Cobbler",dessert
"Triple Berry Oatmeal Muffins",dessert
"Caramelized Banana and Peanut Butter Quesadilla",dessert
"Carrot Cake (for two)",dessert
"Fudge Brownie Pots (for two)",dessert
"Snickerdoodles (for two)",dessert
"Chocolate Cayenne Crinkles",dessert
"Crunchy Cranberry Sauce",dessert
"Strawberry White Chocolate Scones",dessert
"Cranberry Almond Cake",dessert
"Oatmeal Pumpkin Cookies",dessert
"Soft Oat and Nut Bars",dessert
"Peanut Butter Banana Quesadillas",dessert
"Chai Spiced Scones",dessert
"Candied Almonds",dessert
"Spicy Hot Cocoa",dessert
"Chocolate Gingersnaps",dessert
"Pumpkin Smoothie",dessert
"Baked Pumpkin Pie Oatmeal",dessert
"Chocolate Lava Cake for Two (or one)",dessert
"Cinnamon Spice Biscotti",dessert
"Pumpkin Bread Pudding",dessert
"Nutty Caramel Corn",dessert
"Rice Pudding",dessert
Polvorones,dessert
"Peach Almond Crisp",dessert
"Cranberry Almond Biscotti",dessert
"Raspberry Oat Bars",dessert
"Apple Cinnamon Bread Pudding",dessert
"Lemon Coconut Bars",dessert
"Lemon Ricotta Cookies",dessert
"Beef and Cauliflower Taco Skillet","gluten free"
"Easy Pesto Chicken and Vegetables","gluten free"
"Curry Roasted Vegetable Bowls","gluten free"
"Lemon Tahini Dressing","gluten free"
"Tomato Basil Vinaigrette","gluten free"
"Lemon Garlic Roasted Asparagus","gluten free"
"Southwest Cauliflower Rice","gluten free"
"Tajín Shrimp Tacos","gluten free"
"Kale and White Bean Power Bowls","gluten free"
"Simple Sautéed Vegetables","gluten free"
"Small Batch Deviled Eggs","gluten free"
"Vegetable Tofu Scramble","gluten free"
"Cumin Lime Coleslaw","gluten free"
"Mediterranean Tuna Salad","gluten free"
"Spinach Rice with Feta","gluten free"
"Yogurt Marinated Chicken","gluten free"
"Lemon Pepper Zucchini","gluten free"
"Turkey Taco Salad","gluten free"
"Creamy Avocado Dressing","gluten free"
"Perfect Oven Roasted Broccoli","gluten free"
"Quickie Black Eyed Peas and Greens","gluten free"
"Brown Sugar Roasted Pork Loin","gluten free"
"Marinated Cauliflower Salad","gluten free"
"Garlic Marinated Chicken","gluten free"
"Sheet Pan Cranberry Chicken Dinner","gluten free"
"Wild Rice Stuffed Acorn Squash","gluten free"
"Honey Balsamic Glazed Carrots","gluten free"
"Autumn Kale and Sweet Potato Salad","gluten free"
"Honey Mustard Pork Chops","gluten free"
"Slow Cooker Mashed Potatoes","gluten free"
"Oven Roasted Autumn Medley","gluten free"
"Scrambled Eggs with Spinach and Feta","gluten free"
"Garlic Parmesan Roasted Cauliflower","gluten free"
"One Pot Lemon Artichoke Chicken and Rice","gluten free"
"Mediterranean White Bean Salad","gluten free"
"Classic Tuna Salad","gluten free"
"Beef Taco Skillet","gluten free"
"Blackened Salmon with Zucchini","gluten free"
"Sesame Cucumber Salad","gluten free"
"Pico de Gallo","gluten free"
"Oven Baked Steak Fries","gluten free"
"Honey Vanilla Cottage Cheese Fruit Dip","gluten free"
"Chimichurri Chickpea Salad","gluten free"
"Turkey Chili Smothered Sweet Potatoes","gluten free"
"White Beans with Mushrooms and Marinara","gluten free"
"Roasted Carrot and Feta Salad","gluten free"
"Creamy Chicken and Rice Skillet","gluten free"
"Smoky Roasted Breakfast Potatoes","gluten free"
"Indian Style Creamed Spinach","gluten free"
"Simple Creamy Coleslaw","gluten free"
"Spicy Sweet Potato Fries","gluten free"
"Lentils with Creamy Mushroom Gravy","gluten free"
"Olive Oil Mashed Potatoes","gluten free"
"Curried Cabbage","gluten free"
"Country Breakfast Bowls","gluten free"
"Maple Roasted Sweet Potatoes with Pecans","gluten free"
"Chipotle Butternut Squash and Quinoa Salad","gluten free"
"Herb Roasted Pork Tenderloin","gluten free"
"Secret Ingredient Tomato Soup","gluten free"
"Easy Pumpkin Soup","gluten free"
"Easy Homemade Balsamic Vinaigrette","gluten free"
"Autumn Kale and Apple Salad","gluten free"
"Roasted Asparagus and Tomatoes","gluten free"
"Garlic Butter Baked Cod","gluten free"
"Easy Rosemary Garlic White Bean Soup","gluten free"
"Maple Sage Breakfast Sausage","gluten free"
"Roasted Vegetable Salad Meal Prep","gluten free"
"Crispy Potatoes with Lemon Dill Tahini Dressing","gluten free"
"Honey Mustard Broccoli Salad","gluten free"
"Lemon Dill Salmon and Kale Salad","gluten free"
"Lemon Dill Tahini Dressing","gluten free"
"No Churn Balsamic Peach Ice Cream","gluten free"
"Baked Pizza Chicken","gluten free"
"Sweet and Spicy Tuna Salad","gluten free"
"Lemony Artichoke and Quinoa Salad","gluten free"
"Creamy Coconut Curry Lentils with Spinach","gluten free"
"Charred Corn and Zucchini Salad","gluten free"
"Cucumber Mango Salad","gluten free"
"Chimichurri Chicken Kebabs","gluten free"
"Luscious Homemade Lemon Curd","gluten free"
"Cucumber and Black Bean Salad","gluten free"
"Pineapple Protein Smoothie","gluten free"
"Honey Mustard Sauce","gluten free"
"Easy Cilantro Lime Chicken","gluten free"
"Spicy Tuna Guacamole Bowls","gluten free"
"Scallion Herb Chickpea Salad","gluten free"
"Easy Oven Baked Fish with Tomatoes","gluten free"
"Salsa Chicken Meal Prep Bowls","gluten free"
"Roasted Brussels Sprout Bowls","gluten free"
"Coconut Turmeric Chicken Soup","gluten free"
"Sriracha Nooch Popcorn","gluten free"
"Vegan Peanut Stew","gluten free"
"Sun Dried Tomato, Kale, and White Bean Skillet","gluten free"
"Roasted Cauliflower and Quinoa Salad","gluten free"
"Vegetable Breakfast Scrambles","gluten free"
"Sweet and Spicy Tempeh Bowls","gluten free"
"Mediterranean Hummus Bowls","gluten free"
"Cider Roasted Turkey Breast","gluten free"
"Rice Cooker Chili","gluten free"
"Homemade Cajun Seasoning","gluten free"
"Autumn Quinoa Salad with Lemon Turmeric Dressing","gluten free"
"Smoky Maple Roasted Acorn Squash","gluten free"
"Fluffy Garlic Herb Mashed Potatoes","gluten free"
"Rice Cooker Spanish Chickpeas and Rice","gluten free"
"Garlic Herb Baked Chicken Breast","gluten free"
"Sweet Chili Chicken Stir Fry Bowls","gluten free"
"Easy Sweet Chili Sauce","gluten free"
"Zuppa Toscana","gluten free"
"Sheet Pan Pesto Chicken Dinner","gluten free"
"Cheesy Cauliflower and Potato Soup","gluten free"
"Sweet and Spicy Glazed Chicken Thighs","gluten free"
"Rosemary Roasted Potatoes","gluten free"
"Slow Cooker Vegetarian Lentil Chili","gluten free"
"20 Minute Honey Mustard Chicken","gluten free"
"Spinach Mushroom and Feta Crustless Quiche","gluten free"
"Creamy Salsa Chicken Skillet","gluten free"
"Lime Crema","gluten free"
"Curried Tofu Salad","gluten free"
"Cobb Salad Meal Prep","gluten free"
"Jerk Chicken with Pineapple Black Bean Salsa","gluten free"
"Homemade Taco Seasoning","gluten free"
"Homemade Chili Seasoning","gluten free"
"Quick Seasoned Black Beans","gluten free"
"Make Ahead Kale White Bean and Pesto Salad","gluten free"
"Beef Kofta Meatballs with Roasted Vegetables","gluten free"
"Thai Coconut Curry Carrot Soup","gluten free"
"Smoky Chicken and Cinnamon Roasted Sweet Potato Meal Prep","gluten free"
"Slow Cooker Chicken Tortilla Soup","gluten free"
"Roasted Summer Vegetables","gluten free"
"The Best Weeknight Pasta Sauce","gluten free"
"Make Ahead Microwave Breakfast Scrambles","gluten free"
"Easiest Burrito Bowl Meal Prep","gluten free"
"Ratatouille Frittata","gluten free"
"Spinach Chickpea and Quinoa Salad","gluten free"
"Scallion Herb Cream Cheese Spread","gluten free"
"Beef and Cabbage Soup","gluten free"
"Chorizo Stuffed Bell Peppers","gluten free"
"Vegetarian 15 Bean Soup","gluten free"
"Herb Butter Chicken Thighs","gluten free"
"Coconut Curry Hummus","gluten free"
"Sweet Crunch Winter Salad","gluten free"
"Double Spinach Artichoke Dip","gluten free"
"Spicy Roasted Cauliflower with Cheese Sauce","gluten free"
"Roasted Eggplant with Meat Sauce","gluten free"
"Bacon Broccoli Cheddar Crustless Quiche","gluten free"
"Moroccan Spiced Sweet Potatoes","gluten free"
"Sriracha Pimento Cheese Spread","gluten free"
"Lentil and Sausage Stew","gluten free"
"Apple Dijon Kale Salad","gluten free"
"Smoky Potato Chickpea Stew","gluten free"
"Slow Cooker Hot Buttered Apples","gluten free"
"Apple Spice Pork Chops","gluten free"
"Braised Red Cabbage","gluten free"
"Green Chile Migas","gluten free"
"Pumpkin Cheesecake Mousse","gluten free"
"Curry Chicken Salad","gluten free"
"Easy Cheesy Broccoli Rice","gluten free"
"Kielbasa and Cabbage Skillet","gluten free"
"Golden Chai","gluten free"
"Italian Sausage and White Bean Skillet","gluten free"
"Smoky Quinoa and Black Bean Salad","gluten free"
"Easy Taco Rice","gluten free"
"No Sugar Added Blueberry Almond Overnight Oats","gluten free"
"Greek Turkey and Rice Skillet","gluten free"
"Roasted Potato Wedges with Shawarma Sauce","gluten free"
"Homemade Salted Caramel Iced Coffee","gluten free"
"Chimichurri Chicken and Rice","gluten free"
"Coconut Jerk Peas with Pineapple Salsa","gluten free"
"Easy Pineapple Salsa","gluten free"
"Coconut Crusted Tofu with Sweet Chili Dipping Sauce","gluten free"
"Blackened Shrimp Tacos","gluten free"
"Mango Coconut Chia Pudding","gluten free"
"Baked Chimichurri Fish Bowls","gluten free"
"Spicy Baked Black Bean Nachos","gluten free"
"Spinach White Bean Enchiladas with Pepper Jack Sauce","gluten free"
"Pressure Cooker Red Beans","gluten free"
"Chorizo Breakfast Hash","gluten free"
"Super Fresh Cucumber Salad","gluten free"
"Blackened Cabbage with Chipotle Mayo","gluten free"
"Lemon Garlic Roasted Chicken","gluten free"
"Slow Cooker Carnitas","gluten free"
"Roasted Sweet Potato Rainbow Salad with Lime Crema","gluten free"
"Creamy Roasted Red Pepper Sauce","gluten free"
"Hummus Breakfast Bowls","gluten free"
"Golden Coconut Lentil Soup","gluten free"
"Southwest Beef and Cabbage Stir Fry","gluten free"
"Cumin Lime Roasted Sweet Potatoes","gluten free"
"Roasted Cauliflower Salad with Lemon Tahini Dressing","gluten free"
"Creamy Black Bean Taquitos","gluten free"
"Chicken and Cranberry Salad with Lemon Poppy Seed Dressing","gluten free"
Colcannon,"gluten free"
"Salt & Vinegar Roasted Potatoes with Smoky Garlic Mayo","gluten free"
"Simple Homemade Cranberry Sauce","gluten free"
"Southwest Spaghetti Squash Bowls","gluten free"
"Maple Brown Butter Mashed Sweet Potatoes","gluten free"
"Beef Burrito Casserole","gluten free"
"Seafood Rice Skillet","gluten free"
"Harissa Roasted Vegetables","gluten free"
"Cumin Rice","gluten free"
"Pressure Cooker Split Pea Soup","gluten free"
"Marinated Lentil Salad","gluten free"
"Tomato Herb Rice with White Beans and Spinach","gluten free"
"Cheddar Grits Breakfast Bowls","gluten free"
"Garden Vegetable Quinoa Soup","gluten free"
"No-Churn Mint Chocolate Chip Ice Cream","gluten free"
"Homemade Pineapple Orange Julius","gluten free"
"(Not) Refried Beans","gluten free"
"Slow Cooker Jambalaya","gluten free"
"Purple Power Bowls","gluten free"
"Grape Feta and Bacon Salad with Creamy Dijon Dressing","gluten free"
"Ultimate Southwest Scrambled Eggs","gluten free"
"Chimichurri Sauce: Good on Anything and Everything","gluten free"
"Slow Cooker Coconut Curry Lentils","gluten free"
"Broccoli Salad with Honey Yogurt Dressing","gluten free"
"Kale Salad with Cajun Spiced Chickpeas and Buttermilk Dressing","gluten free"
"Strawberry Rosé Slush","gluten free"
"Pressure Cooker Chicken and Rice","gluten free"
"German Potato Salad with Bacon","gluten free"
"Lemon Butter Green Beans","gluten free"
"Warm Corn and Avocado Salad","gluten free"
"Cheesy Scallion Stuffed Jalapeños","gluten free"
"Sunday Slow Cooker Beef Ragù","gluten free"
"Quickie Faux Phở","gluten free"
"Smoky White Bean Shakshuka","gluten free"
"How to Make Crispy Hash Browns","gluten free"
"Pesto Hummus","gluten free"
"Chili Roasted Sweet Potatoes","gluten free"
"Cilantro Lime Chicken Drumsticks","gluten free"
"Curried Red Lentil and Pumpkin Soup","gluten free"
"Oven Roasted Chicken Legs","gluten free"
"Nam Sod (Thai Pork Salad)","gluten free"
"Oven Roasted Frozen Broccoli","gluten free"
"Slow Cooker Italian Chicken and Peppers","gluten free"
"Garlic Parmesan Polenta","gluten free"
"Bacon Bean and Potato Soup","gluten free"
"Dilly Vegetable Dip","gluten free"
"Yellow Rice Chicken Skillet","gluten free"
"Vegetarian Mustard Greens","gluten free"
"Creole White Beans with Chicken","gluten free"
"Roasted Red Pepper and Feta Frittata","gluten free"
"Smoky Parmesan Roasted Cauliflower","gluten free"
"Taco Salad Skillet","gluten free"
"Cilantro Lime Rice","gluten free"
"Apple Cabbage Slaw","gluten free"
"Slow Cooker Chicken Ropa Vieja","gluten free"
"Spanish Chickpeas and Rice","gluten free"
"Chili Lime Cantaloupe","gluten free"
"Minty Pea Salad","gluten free"
"Smoky Tomato Soup","gluten free"
"Spinach and Feta Mashed Potatoes","gluten free"
"Smoky Garlic Oven Fries","gluten free"
"Blackberry Sage Pork Chops","gluten free"
"Sriracha Deviled Eggs","gluten free"
"Skillet Potatoes and Green Beans","gluten free"
"Curry Roasted Carrots","gluten free"
Mujaddara,"gluten free"
"Weeknight Black Bean Chili","gluten free"
"White Beans with Tomato and Sausage","gluten free"
"Smoky Roasted Sweet Potatoes","gluten free"
"Lemony Kale and Quinoa Salad","gluten free"
"Curried Lentils","gluten free"
"Zucchini and Corn Frittata","gluten free"
"Saucy Southwest Shredded Beef","gluten free"
"Crunchy Cranberry Sauce","gluten free"
"Moroccan Lentil and Vegetable Stew","gluten free"
"Cajun Potato Salad","gluten free"
"Slow Cooker Black Bean Soup","gluten free"
"Blackened Tilapia","gluten free"
"Sautéed Corn and Tomatoes","gluten free"
"Baked Eggs with Spinach and Tomatoes","gluten free"
"Oven Roasted Ratatouille","gluten free"
"Southwest Chicken Skillet","gluten free"
"Best Ever Avocado Dip","gluten free"
"Chorizo Chicken Jambalaya","gluten free"
"Coconut Vegetable Curry","gluten free"
"Vegan Red Beans and Rice","gluten free"
"Sausage and Kale Skillet","gluten free"
"Chili Roasted Potatoes","gluten free"
"Chunky Lentil and Vegetable Soup","gluten free"
"Curried Chickpeas with Spinach","gluten free"
"Date & Gorgonzola Stuffed Sweet Potatoes","gluten free"
"Chorizo Sweet Potato Chili","gluten free"
"Split Pea, Bacon & Potato Soup","gluten free"
"Cashew Rice Pilaf","gluten free"
"Southwest Steak Bowls","gluten free"
"Hummus Breakfast Mug","gluten free"
"Greek Marinated Chicken","gluten free"
"Wilted Kale and Lentil Salad","gluten free"
"Green Gazpacho","gluten free"
"Roasted Poblano Hummus","gluten free"
"Chicken in Peanut Sauce","gluten free"
"Candied Almonds","gluten free"
"Vegan Red Lentil Stew","gluten free"
"Spicy Hot Cocoa","gluten free"
"Tuna & White Bean Salad","gluten free"
"(not) Sun Dried Tomato Sauce","gluten free"
"Honey Balsamic Chicken Tenders","gluten free"
"Pineapple Ginger Lassi","gluten free"
"Quinoa Tabbouleh","gluten free"
"Lentil Tacos","gluten free"
"Honey Spice Chicken Thighs","gluten free"
"Coconut Lentils","gluten free"
"Sriracha Hummus","gluten free"
"Shredded Taco Beef","gluten free"
"Cumin Lime Chickpeas","gluten free"
"Jalapeño Cran-Raspberry Sauce","gluten free"
"Curry Roasted Cauliflower","gluten free"
"Pumpkin Smoothie","gluten free"
"Coffee Rubbed Pork Roast","gluten free"
"Spicy Pickled Carrots","gluten free"
"Summer Vegetable Tian","gluten free"
"Yellow Jasmine Rice","gluten free"
"Spicy Coconut and Pumpkin Soup","gluten free"
"Marinated White Beans","gluten free"
"Oven Roasted Corn with Honey Chili Butter","gluten free"
"Slow Cooker Ham and Bean Soup","gluten free"
"Raspberry Chipotle BBQ Chicken","gluten free"
"Quick Lemon Garlic Fish","gluten free"
"(Not) Butter Chicken","gluten free"
"Chipotle Mashed Sweet Potatoes","gluten free"
"Chai Concentrate","gluten free"
"Red Wine Cranberry Sauce","gluten free"
"Rice Pudding","gluten free"
"Dal Nirvana","gluten free"
"Fire Roasted Salsa","gluten free"
"Sweet and Spicy Glazed Pork Chops","gluten free"
"Chipotle Peach Salsa","gluten free"
"Tzatziki (Greek Yogurt Sauce)","gluten free"
"Summer Gazpacho","gluten free"
"Guacamole Salad","gluten free"
"Baba Ganoush","gluten free"
"Spicy Peanut Sauce","gluten free"
"Roasted Poblano and Sweet Potato Salad","gluten free"
"Mexican Red Lentil Stew","gluten free"
"Homemade Marinara","gluten free"
